,0-LowBehavior,0-Susceptible,0-Asymptomatic_Inf,0-Symptomatic_Inf,0-Total_Inf,0-Recovered,0-Dead,0.1-LowBehavior,0.1-Susceptible,0.1-Asymptomatic_Inf,0.1-Symptomatic_Inf,0.1-Total_Inf,0.1-Recovered,0.1-Dead,0.2-LowBehavior,0.2-Susceptible,0.2-Asymptomatic_Inf,0.2-Symptomatic_Inf,0.2-Total_Inf,0.2-Recovered,0.2-Dead,0.3-LowBehavior,0.3-Susceptible,0.3-Asymptomatic_Inf,0.3-Symptomatic_Inf,0.3-Total_Inf,0.3-Recovered,0.3-Dead,0.4-LowBehavior,0.4-Susceptible,0.4-Asymptomatic_Inf,0.4-Symptomatic_Inf,0.4-Total_Inf,0.4-Recovered,0.4-Dead,0.5-LowBehavior,0.5-Susceptible,0.5-Asymptomatic_Inf,0.5-Symptomatic_Inf,0.5-Total_Inf,0.5-Recovered,0.5-Dead,0.6-LowBehavior,0.6-Susceptible,0.6-Asymptomatic_Inf,0.6-Symptomatic_Inf,0.6-Total_Inf,0.6-Recovered,0.6-Dead,0.7-LowBehavior,0.7-Susceptible,0.7-Asymptomatic_Inf,0.7-Symptomatic_Inf,0.7-Total_Inf,0.7-Recovered,0.7-Dead,0.8-LowBehavior,0.8-Susceptible,0.8-Asymptomatic_Inf,0.8-Symptomatic_Inf,0.8-Total_Inf,0.8-Recovered,0.8-Dead,0.9-LowBehavior,0.9-Susceptible,0.9-Asymptomatic_Inf,0.9-Symptomatic_Inf,0.9-Total_Inf,0.9-Recovered,0.9-Dead,1-LowBehavior,1-Susceptible,1-Asymptomatic_Inf,1-Symptomatic_Inf,1-Total_Inf,1-Recovered,1-Dead
0,5.5,77507,1554,939,2493,0,0,5.5,77621,1422,957,2379,0,0,5.5,77581,1469,950,2419,0,0,5.5,77549,1484,967,2451,0,0,5.5,77625,1435,940,2375,0,0,5.5,77559,1486,955,2441,0,0,5.5,77574,1429,997,2426,0,0,5.5,77598,1400,1002,2402,0,0,5.5,77582,1441,977,2418,0,0,5.5,77629,1438,933,2371,0,0,5.5,77557,1438,1005,2443,0,0
1,5.5,77194,1736,1070,2806,0,0,5.5,77334,1578,1088,2666,0,0,5.5,77290,1640,1070,2710,0,0,5.5,77241,1678,1081,2759,0,0,5.5,77338,1594,1068,2662,0,0,5.5,77265,1653,1082,2735,0,0,5.5,77277,1598,1125,2723,0,0,5.5,77297,1586,1117,2703,0,0,5.5,77294,1619,1087,2706,0,0,5.5,77333,1608,1059,2667,0,0,5.5,77259,1626,1115,2741,0,0
2,5.5,76577,2120,1303,3423,0,0,5.5,76720,1938,1342,3280,0,0,5.5,76653,2035,1312,3347,0,0,5.5,76631,2042,1327,3369,0,0,5.5,76697,1982,1321,3303,0,0,5.5,76675,1995,1330,3325,0,0,5.5,76656,1968,1376,3344,0,0,5.5,76667,1960,1373,3333,0,0,5.5,76612,2042,1346,3388,0,0,5.5,76667,2007,1326,3333,0,0,5.5,76639,1994,1367,3361,0,0
3,5.5,75808,2565,1627,4192,0,0,5.5,76014,2370,1616,3986,0,0,5.5,75936,2433,1631,4064,0,0,5.5,75898,2509,1593,4102,0,0,5.5,75961,2429,1610,4039,0,0,5.5,75910,2460,1630,4090,0,0,5.5,75883,2432,1685,4117,0,0,5.5,75971,2367,1662,4029,0,0,5.5,75855,2486,1659,4145,0,0,5.5,75919,2465,1616,4081,0,0,5.5,75868,2437,1695,4132,0,0
4,5.5,74917,3085,1996,5081,2,0,5.5,75136,2916,1947,4863,1,0,5.5,75043,2950,2005,4955,2,0,5.5,75004,3057,1939,4996,0,0,5.5,75067,2969,1964,4933,0,0,5.5,75005,3002,1993,4995,0,0,5.5,74979,2984,2037,5021,0,0,5.5,75145,2861,1992,4853,2,0,5.5,74952,3014,2032,5046,2,0,5.5,75001,2993,2005,4998,1,0,5.5,74971,2967,2062,5029,0,0
5,5.5,73821,3752,2419,6171,8,0,5.5,74064,3554,2367,5921,15,0,5.5,73914,3640,2436,6076,10,0,5.5,73956,3694,2332,6026,18,0,5.5,74029,3592,2371,5963,8,0,5.5,73991,3614,2389,6003,6,0,5.5,73893,3638,2460,6098,9,0,5.5,74055,3494,2440,5934,10,1,5.5,73860,3666,2461,6127,13,0,5.5,73927,3657,2403,6060,13,0,5.5,73902,3593,2489,6082,16,0
6,5.5,72493,4531,2935,7466,41,0,5.5,72818,4293,2836,7129,52,1,5.5,72584,4448,2915,7363,52,1,5.5,72651,4463,2824,7287,62,0,5.5,72812,4345,2799,7144,44,0,5.5,72745,4391,2820,7211,44,0,5.5,72568,4464,2905,7369,63,0,5.5,72852,4243,2860,7103,44,1,5.5,72556,4444,2948,7392,51,1,5.5,72643,4389,2920,7309,48,0,5.5,72584,4387,2976,7363,52,1
7,5.5,71021,5389,3457,8846,133,0,5.5,71277,5219,3366,8585,137,1,5.5,71053,5341,3482,8823,121,3,5.5,71139,5377,3344,8721,139,1,5.5,71295,5224,3346,8570,134,1,5.5,71182,5297,3389,8686,131,1,5.5,71071,5364,3391,8755,173,1,5.5,71377,5126,3367,8493,127,3,5.5,71008,5345,3513,8858,129,5,5.5,70997,5358,3500,8858,142,3,5.5,71058,5307,3494,8801,140,1
8,5.5,69140,6485,4093,10578,279,3,5.5,69550,6204,3966,10170,275,5,5.5,69285,6387,4038,10425,286,4,5.5,69313,6449,3926,10375,309,3,5.5,69508,6284,3922,10206,283,3,5.5,69442,6293,3987,10280,277,1,5.5,69226,6463,3978,10441,332,1,5.5,69662,6130,3931,10061,272,5,5.5,69183,6418,4119,10537,270,10,5.5,69192,6441,4106,10547,254,7,5.5,69228,6376,4107,10483,287,2
9,5.5,67060,7650,4796,12446,488,6,5.5,67565,7393,4534,11927,501,7,5.5,67122,7627,4732,12359,513,6,5.5,67219,7641,4613,12254,521,6,5.5,67414,7478,4587,12065,516,5,5.5,67346,7451,4673,12124,528,2,5.5,67157,7613,4647,12260,580,3,5.5,67584,7329,4559,11888,519,9,5.5,67019,7657,4806,12463,506,12,5.5,67088,7666,4773,12439,461,12,5.5,67139,7538,4816,12354,503,4
10,5.5,64618,8990,5612,14602,771,9,5.5,65224,8679,5269,13948,816,12,5.5,64669,9015,5494,14509,814,8,5.5,64838,8927,5426,14353,799,10,5.5,65018,8821,5331,14152,824,6,5.5,64911,8810,5417,14227,855,7,5.5,64748,8979,5403,14382,862,8,5.5,65230,8692,5232,13924,836,10,5.5,64619,8995,5542,14537,832,12,5.5,64659,9071,5506,14577,750,14,5.5,64747,8924,5512,14436,808,9
11,5.5,61854,10528,6446,16974,1159,13,5.5,62579,10129,6091,16220,1188,13,5.5,61928,10513,6346,16859,1204,9,5.5,62184,10409,6208,16617,1185,14,5.5,62354,10253,6170,16423,1212,11,5.5,62188,10247,6283,16530,1271,11,5.5,62083,10397,6231,16628,1275,14,5.5,62630,10128,6023,16151,1205,14,5.5,61860,10476,6434,16910,1213,17,5.5,61954,10584,6335,16919,1108,19,5.5,61991,10460,6312,16772,1224,13
12,5.5,58844,12165,7317,19482,1654,20,5.5,59473,11806,7042,18848,1664,15,5.5,58840,12191,7255,19446,1702,12,5.5,59141,12054,7092,19146,1696,17,5.5,59278,11904,7100,19004,1703,15,5.5,59164,11864,7214,19078,1744,14,5.5,59028,12026,7132,19158,1795,19,5.5,59742,11670,6870,18540,1700,18,5.5,58811,12138,7320,19458,1711,20,5.5,58772,12341,7262,19603,1600,25,5.5,58952,12100,7200,19300,1724,24
13,5.5,55491,13915,8324,22239,2246,24,5.5,56088,13652,7996,21648,2243,21,5.5,55501,13932,8261,22193,2283,23,5.5,55806,13811,8065,21876,2297,21,5.5,55892,13660,8138,21798,2290,20,5.5,55869,13583,8213,21796,2316,19,5.5,55646,13771,8211,21982,2349,23,5.5,56452,13413,7844,21257,2271,20,5.5,55445,13851,8358,22209,2323,23,5.5,55339,14095,8317,22412,2220,29,5.5,55610,13903,8173,22076,2286,28
14,5.5,51700,15857,9407,25264,3004,32,5.5,52441,15528,9080,24608,2926,25,5.5,51794,15796,9403,25199,2974,33,5.5,52071,15767,9163,24930,2970,29,5.5,52258,15512,9239,24751,2968,23,5.5,52243,15469,9265,24734,3001,22,5.5,51889,15679,9369,25048,3036,27,5.5,52889,15205,8924,24129,2956,26,5.5,51730,15762,9421,25183,3057,30,5.5,51601,16007,9449,25456,2908,35,5.5,52017,15767,9185,24952,2997,34
15,5.5,47841,17770,10555,28325,3796,38,5.5,48578,17455,10181,27636,3750,36,5.5,47899,17710,10520,28230,3831,40,5.5,48137,17780,10296,28076,3753,34,5.5,48369,17496,10370,27866,3740,25,5.5,48275,17489,10391,27880,3816,29,5.5,47972,17620,10559,28179,3817,32,5.5,49138,17067,10052,27119,3711,32,5.5,47851,17731,10522,28253,3860,36,5.5,47606,17961,10621,28582,3772,40,5.5,48069,17744,10330,28074,3816,41
16,5.5,43815,19742,11629,31371,4767,47,5.5,44505,19403,11372,30775,4671,49,5.5,43865,19665,11630,31295,4790,50,5.5,44056,19777,11460,31237,4669,38,5.5,44410,19441,11467,30908,4651,31,5.5,44286,19448,11456,30904,4775,35,5.5,43883,19647,11679,31326,4751,40,5.5,45127,19034,11163,30197,4637,39,5.5,43829,19694,11646,31340,4783,48,5.5,43550,19944,11763,31707,4694,49,5.5,44072,19682,11430,31112,4768,48
17,5.5,39701,21667,12739,34406,5841,52,5.5,40346,21428,12479,33907,5690,57,5.5,39717,21642,12699,34341,5884,58,5.5,39952,21707,12502,34209,5795,44,5.5,40303,21357,12593,33950,5702,45,5.5,40254,21360,12435,33795,5910,41,5.5,39785,21549,12816,34365,5805,45,5.5,40991,20967,12253,33220,5739,50,5.5,39752,21674,12599,34273,5918,57,5.5,39439,21833,12791,34624,5868,69,5.5,39944,21674,12476,34150,5852,54
18,5.5,35543,23558,13647,37205,7192,60,5.5,36216,23372,13473,36845,6869,70,5.5,35635,23503,13592,37095,7203,67,5.5,35773,23562,13534,37096,7077,54,5.5,36246,23212,13583,36795,6906,53,5.5,36193,23198,13407,36605,7148,54,5.5,35646,23438,13747,37185,7108,61,5.5,36964,22875,13225,36100,6878,58,5.5,35618,23539,13578,37117,7193,72,5.5,35447,23654,13661,37315,7154,84,5.5,35839,23494,13470,36964,7131,66
19,5.5,31445,25360,14468,39828,8649,78,5.5,32112,25141,14362,39503,8304,81,5.5,31562,25330,14427,39757,8604,77,5.5,31678,25351,14379,39730,8527,65,5.5,32251,24857,14366,39223,8461,65,5.5,32151,24941,14271,39212,8573,64,5.5,31527,25274,14578,39852,8550,71,5.5,32816,24684,14148,38832,8282,70,5.5,31535,25276,14434,39710,8672,83,5.5,31375,25391,14468,39859,8676,90,5.5,31747,25310,14291,39601,8569,83
20,5.5,27709,26833,14983,41816,10383,92,5.5,28098,26812,15076,41888,9917,97,5.5,27840,26808,14984,41792,10269,99,5.5,27847,26869,15056,41925,10148,80,5.5,28495,26371,14911,41282,10146,77,5.5,28229,26512,14965,41477,10222,72,5.5,27673,26670,15298,41968,10273,86,5.5,28847,26258,14870,41128,9943,82,5.5,27583,26794,15079,41873,10451,93,5.5,27651,26849,15056,41905,10347,97,5.5,27807,26863,15036,41899,10193,101
21,5.5,24192,28016,15461,43477,12227,104,5.5,24471,28112,15509,43621,11796,112,5.5,24209,28069,15426,43495,12181,115,5.5,24301,28099,15489,43588,12014,97,5.5,24845,27662,15335,42997,12074,84,5.5,24652,27720,15434,43154,12104,90,5.5,24149,27848,15669,43517,12234,100,5.5,25127,27601,15411,43012,11764,97,5.5,24060,27982,15466,43448,12378,114,5.5,24096,28052,15463,43515,12283,106,5.5,24285,28027,15469,43496,12103,116
22,5.5,20945,28913,15577,44490,14442,123,5.5,21123,29147,15691,44838,13909,130,5.5,20899,28962,15621,44583,14385,133,5.5,20976,29027,15716,44743,14170,111,5.5,21580,28546,15518,44064,14252,104,5.5,21375,28643,15634,44277,14246,102,5.5,20841,28755,15883,44638,14406,115,5.5,21823,28597,15634,44231,13827,119,5.5,20839,28920,15603,44523,14507,131,5.5,20864,28917,15618,44535,14475,126,5.5,21004,28907,15775,44682,14187,127
23,5.5,18000,29464,15571,45035,16824,141,5.5,18114,29788,15690,45478,16262,146,5.5,18067,29407,15532,44939,16846,148,5.5,18060,29577,15666,45243,16568,129,5.5,18673,29158,15406,44564,16640,123,5.5,18392,29305,15612,44917,16570,121,5.5,17878,29325,15857,45182,16809,131,5.5,18795,29255,15588,44843,16224,138,5.5,17890,29493,15502,44995,16966,149,5.5,18077,29339,15526,44865,16915,143,5.5,17961,29582,15733,45315,16582,142
24,5.5,15583,29511,15280,44791,19467,159,5.5,15477,29986,15454,45440,18909,174,5.5,15450,29544,15274,44818,19568,164,5.5,15429,29796,15347,45143,19282,146,5.5,16046,29437,15066,44503,19309,142,5.5,15780,29506,15306,44812,19267,141,5.5,15360,29575,15562,45137,19358,145,5.5,16156,29563,15343,44906,18787,151,5.5,15375,29634,15217,44851,19597,177,5.5,15442,29572,15193,44765,19631,162,5.5,15468,29731,15409,45140,19234,158
25,5.5,13369,29305,14760,44065,22384,182,5.5,13230,29907,14940,44847,21730,193,5.5,13217,29428,14747,44175,22428,180,5.5,13291,29551,14772,44323,22223,163,5.5,13823,29351,14528,43879,22129,169,5.5,13500,29390,14817,44207,22131,162,5.5,13137,29391,15035,44426,22267,170,5.5,13844,29516,14899,44415,21568,173,5.5,13143,29478,14694,44172,22483,202,5.5,13227,29363,14748,44111,22480,182,5.5,13225,29548,14908,44456,22144,175
26,5.5,11506,28764,14014,42778,25506,210,5.5,11342,29426,14172,43598,24840,220,5.5,11425,28847,14036,42883,25486,206,5.5,11421,29072,14017,43089,25301,189,5.5,11815,28898,13869,42767,25229,189,5.5,11633,28817,14138,42955,25228,184,5.5,11300,28841,14308,43149,25349,202,5.5,11894,29089,14218,43307,24611,188,5.5,11246,28927,14004,42931,25591,232,5.5,11335,28755,14026,42781,25687,197,5.5,11372,28970,14216,43186,25241,201
27,5.5,9904,27878,13143,41021,28850,225,5.5,9811,28593,13249,41842,28111,236,5.5,9917,28024,13158,41182,28667,234,5.5,9821,28168,13235,41403,28575,201,5.5,10205,28016,13093,41109,28477,209,5.5,10018,27996,13249,41245,28537,200,5.5,9707,27967,13343,41310,28759,224,5.5,10214,28274,13454,41728,27847,211,5.5,9737,28017,13096,41113,28899,251,5.5,9759,27883,13164,41047,28975,219,5.5,9782,28074,13358,41432,28562,224
28,5.5,8669,26733,12133,38866,32218,247,5.5,8483,27454,12217,39671,31595,251,5.5,8591,26931,12184,39115,32044,250,5.5,8563,26995,12160,39155,32055,227,5.5,8903,26876,12152,39028,31837,232,5.5,8710,26923,12281,39204,31859,227,5.5,8437,26800,12314,39114,32208,241,5.5,8813,27216,12555,39771,31184,232,5.5,8466,26874,12014,38888,32375,271,5.5,8445,26698,12143,38841,32463,251,5.5,8410,26900,12375,39275,32073,242
29,5.5,7509,25362,11071,36433,35784,274,5.5,7383,25997,11127,37124,35212,281,5.5,7443,25538,11078,36616,35673,268,5.5,7466,25562,11141,36703,35581,250,5.5,7801,25448,11145,36593,35360,246,5.5,7611,25640,11239,36879,35268,242,5.5,7345,25425,11268,36693,35697,265,5.5,7687,25906,11483,37389,34671,253,5.5,7415,25464,11063,36527,35763,295,5.5,7427,25265,11106,36371,35933,269,5.5,7335,25539,11323,36862,35547,256
30,5.5,6634,23766,9969,33735,39342,289,5.5,6524,24426,10017,34443,38734,299,5.5,6529,24016,9972,33988,39186,297,5.5,6572,23947,10006,33953,39200,275,5.5,6859,23964,10125,34089,38787,265,5.5,6684,24087,10164,34251,38799,266,5.5,6422,23786,10263,34049,39234,295,5.5,6708,24273,10416,34689,38325,278,5.5,6539,23849,10017,33866,39285,310,5.5,6534,23694,10007,33701,39478,287,5.5,6497,23905,10193,34098,39129,276
31,5.5,5950,21929,8927,30856,42881,313,5.5,5751,22713,8950,31663,42263,323,5.5,5785,22220,8969,31189,42709,317,5.5,5795,22234,8964,31198,42704,303,5.5,6102,22187,9019,31206,42411,281,5.5,5971,22381,9091,31472,42269,288,5.5,5695,22113,9150,31263,42726,316,5.5,5974,22592,9259,31851,41869,306,5.5,5823,22121,8935,31056,42791,330,5.5,5813,21928,8883,30811,43067,309,5.5,5767,22235,9039,31274,42660,299
32,5.5,5298,20169,7895,28064,46307,331,5.5,5119,20833,7895,28728,45800,353,5.5,5175,20475,7902,28377,46110,338,5.5,5232,20326,7904,28230,46213,325,5.5,5470,20352,7981,28333,45898,299,5.5,5317,20555,8036,28591,45784,308,5.5,5083,20256,8055,28311,46268,338,5.5,5313,20753,8220,28973,45388,326,5.5,5227,20233,7894,28127,46295,351,5.5,5210,20128,7821,27949,46510,331,5.5,5155,20425,7936,28361,46163,321
33,5.5,4825,18216,6896,25112,49714,349,5.5,4612,18897,6849,25746,49275,367,5.5,4709,18519,6877,25396,49536,359,5.5,4724,18512,6918,25430,49501,345,5.5,4935,18618,6966,25584,49151,330,5.5,4814,18627,7033,25660,49196,330,5.5,4602,18389,7015,25404,49632,362,5.5,4804,18841,7238,26079,48775,342,5.5,4736,18371,6885,25256,49635,373,5.5,4744,18227,6791,25018,49888,350,5.5,4668,18514,6893,25407,49583,342
34,5.5,4431,16322,6006,22328,52879,362,5.5,4237,16956,5931,22887,52492,384,5.5,4339,16651,5946,22597,52688,376,5.5,4339,16644,5941,22585,52707,369,5.5,4485,16809,6101,22910,52260,345,5.5,4389,16741,6069,22810,52461,340,5.5,4203,16499,6092,22591,52829,377,5.5,4364,16936,6249,23185,52096,355,5.5,4341,16486,5889,22375,52894,390,5.5,4357,16341,5903,22244,53032,367,5.5,4259,16620,5965,22585,52800,356
35,5.5,4064,14535,5178,19713,55847,376,5.5,3920,15132,5026,20158,55528,394,5.5,4025,14794,5148,19942,55646,387,5.5,4010,14765,5088,19853,55754,383,5.5,4137,15009,5317,20326,55179,358,5.5,4061,14902,5214,20116,55467,356,5.5,3882,14679,5253,19932,55793,393,5.5,4017,15102,5346,20448,55167,368,5.5,4016,14587,5059,19646,55938,400,5.5,4004,14566,5070,19636,55980,380,5.5,3917,14808,5116,19924,55795,364
36,5.5,3756,12867,4390,17257,58600,387,5.5,3675,13318,4297,17615,58307,403,5.5,3768,13001,4386,17387,58444,401,5.5,3781,12995,4358,17353,58472,394,5.5,3868,13252,4532,17784,57980,368,5.5,3802,13155,4374,17529,58292,377,5.5,3628,12901,4443,17344,58615,413,5.5,3753,13347,4600,17947,57915,385,5.5,3761,12819,4294,17113,58714,412,5.5,3752,12847,4300,17147,58710,391,5.5,3687,13036,4363,17399,58532,382
37,5.5,3556,11240,3697,14937,61108,399,5.5,3467,11691,3609,15300,60818,415,5.5,3533,11421,3686,15107,60953,407,5.5,3564,11389,3667,15056,60970,410,5.5,3625,11666,3850,15516,60479,380,5.5,3561,11561,3658,15219,60829,391,5.5,3435,11181,3725,14906,61231,428,5.5,3540,11693,3841,15534,60520,406,5.5,3525,11231,3634,14865,61185,425,5.5,3525,11255,3633,14888,61186,401,5.5,3473,11442,3667,15109,61026,392
38,5.5,3362,9738,3135,12873,63358,407,5.5,3303,10143,3031,13174,63090,433,5.5,3348,9964,3068,13032,63207,413,5.5,3388,9808,3071,12879,63312,421,5.5,3420,10174,3275,13449,62749,382,5.5,3367,10056,3102,13158,63074,401,5.5,3253,9644,3143,12787,63526,434,5.5,3327,10162,3239,13401,62860,412,5.5,3346,9750,3082,12832,63385,437,5.5,3360,9759,3028,12787,63444,409,5.5,3302,9872,3098,12970,63326,402
39,5.5,3218,8365,2646,11011,65353,418,5.5,3143,8707,2574,11281,65134,442,5.5,3198,8653,2558,11211,65175,416,5.5,3249,8470,2564,11034,65287,430,5.5,3281,8742,2736,11478,64851,390,5.5,3214,8667,2633,11300,65076,410,5.5,3118,8301,2642,10943,65491,448,5.5,3158,8794,2721,11515,64905,422,5.5,3190,8408,2596,11004,65362,444,5.5,3225,8379,2541,10920,65441,414,5.5,3152,8544,2564,11108,65334,406
40,5.5,3097,7087,2233,9320,67159,424,5.5,3018,7473,2142,9615,66915,452,5.5,3082,7361,2107,9468,67024,426,5.5,3136,7258,2141,9399,67031,434,5.5,3131,7543,2263,9806,66668,395,5.5,3096,7398,2173,9571,66911,422,5.5,3003,7152,2208,9360,67180,457,5.5,3032,7555,2253,9808,66728,432,5.5,3038,7203,2182,9385,67125,452,5.5,3107,7165,2132,9297,67172,424,5.5,3026,7299,2108,9407,67155,412
41,5.5,2992,6084,1853,7937,68641,430,5.5,2924,6303,1763,8066,68554,456,5.5,3001,6230,1748,7978,68589,432,5.5,3045,6136,1775,7911,68603,441,5.5,3035,6419,1897,8316,68250,399,5.5,3004,6325,1798,8123,68443,430,5.5,2898,6147,1804,7951,68685,466,5.5,2925,6501,1901,8402,68239,434,5.5,2938,6115,1814,7929,68678,455,5.5,3002,6114,1761,7875,68695,428,5.5,2919,6218,1748,7966,68697,418
42,5.5,2911,5201,1552,6753,69900,436,5.5,2840,5271,1462,6733,69966,461,5.5,2906,5313,1444,6757,69895,442,5.5,2971,5171,1480,6651,69931,447,5.5,2952,5431,1588,7019,69625,404,5.5,2922,5333,1513,6846,69795,437,5.5,2820,5234,1461,6695,70013,472,5.5,2845,5494,1592,7086,69628,441,5.5,2865,5167,1481,6648,70027,460,5.5,2917,5170,1470,6640,70012,431,5.5,2832,5219,1436,6655,70093,420
43,5.5,2841,4380,1260,5640,71078,441,5.5,2786,4433,1204,5637,71112,465,5.5,2834,4410,1219,5629,71088,449,5.5,2901,4328,1207,5535,71111,453,5.5,2883,4611,1305,5916,70792,409,5.5,2844,4482,1250,5732,70984,440,5.5,2741,4378,1212,5590,71196,473,5.5,2775,4658,1317,5975,70805,445,5.5,2798,4367,1214,5581,71157,464,5.5,2832,4327,1209,5536,71196,436,5.5,2765,4372,1198,5570,71242,423
44,5.5,2775,3706,1050,4756,72025,444,5.5,2725,3714,1017,4731,72074,470,5.5,2787,3736,996,4732,72028,453,5.5,2850,3612,982,4594,72098,458,5.5,2818,3864,1062,4926,71844,412,5.5,2786,3781,1050,4831,71941,442,5.5,2697,3634,966,4600,72228,475,5.5,2709,3904,1080,4984,71859,448,5.5,2753,3668,1005,4673,72107,467,5.5,2778,3640,1004,4644,72140,438,5.5,2713,3667,997,4664,72197,426
45,5.5,2730,3132,863,3995,72826,449,5.5,2684,3094,834,3928,72915,473,5.5,2720,3105,818,3923,72899,458,5.5,2803,2985,793,3778,72957,462,5.5,2771,3235,894,4129,72685,415,5.5,2739,3159,876,4035,72782,444,5.5,2645,3039,793,3832,73047,476,5.5,2655,3265,924,4189,72704,452,5.5,2706,3076,829,3905,72916,473,5.5,2725,3045,825,3870,72964,441,5.5,2665,3092,840,3932,72972,431
46,5.5,2686,2608,714,3322,73536,456,5.5,2642,2573,709,3282,73603,473,5.5,2693,2523,672,3195,73653,459,5.5,2765,2467,651,3118,73653,464,5.5,2725,2672,728,3400,73455,420,5.5,2703,2596,732,3328,73523,446,5.5,2614,2553,659,3212,73695,479,5.5,2617,2694,763,3457,73473,453,5.5,2664,2548,660,3208,73654,474,5.5,2700,2492,673,3165,73693,442,5.5,2628,2596,692,3288,73650,434
47,5.5,2651,2182,585,2767,74126,456,5.5,2616,2113,610,2723,74187,474,5.5,2668,2087,539,2626,74244,462,5.5,2732,2043,540,2583,74218,467,5.5,2689,2242,588,2830,74059,422,5.5,2673,2148,601,2749,74128,450,5.5,2596,2072,525,2597,74327,480,5.5,2587,2223,625,2848,74109,456,5.5,2633,2113,540,2653,74239,475,5.5,2676,2098,567,2665,74215,444,5.5,2598,2130,580,2710,74256,436
48,5.5,2616,1790,491,2281,74645,458,5.5,2593,1785,508,2293,74639,475,5.5,2640,1741,453,2194,74704,462,5.5,2698,1666,458,2124,74709,469,5.5,2662,1855,492,2347,74567,424,5.5,2642,1787,488,2275,74632,451,5.5,2573,1691,434,2125,74820,482,5.5,2570,1789,509,2298,74673,459,5.5,2609,1774,434,2208,74708,475,5.5,2650,1706,460,2166,74739,445,5.5,2577,1779,495,2274,74713,436
49,5.5,2590,1467,395,1862,75088,460,5.5,2576,1489,427,1916,75032,476,5.5,2616,1455,376,1831,75088,465,5.5,2674,1363,379,1742,75114,470,5.5,2650,1545,387,1932,74994,424,5.5,2622,1457,403,1860,75065,453,5.5,2549,1384,359,1743,75226,482,5.5,2554,1474,400,1874,75113,459,5.5,2589,1458,348,1806,75130,475,5.5,2619,1415,381,1796,75138,447,5.5,2557,1469,399,1868,75138,437
50,5.5,2574,1197,320,1517,75447,462,5.5,2554,1216,361,1577,75393,476,5.5,2601,1180,306,1486,75447,466,5.5,2657,1109,311,1420,75449,474,5.5,2633,1271,312,1583,75358,426,5.5,2608,1167,346,1513,75423,456,5.5,2535,1131,303,1434,75549,482,5.5,2540,1215,326,1541,75457,462,5.5,2572,1212,298,1510,75443,475,5.5,2608,1186,313,1499,75445,448,5.5,2545,1211,320,1531,75485,439
51,5.5,2554,997,272,1269,75715,462,5.5,2540,985,295,1280,75703,477,5.5,2593,950,243,1193,75748,466,5.5,2638,921,266,1187,75699,476,5.5,2618,1054,266,1320,75634,428,5.5,2595,928,275,1203,75742,460,5.5,2521,936,251,1187,75807,485,5.5,2521,1002,270,1272,75745,462,5.5,2560,1007,235,1242,75722,476,5.5,2598,971,252,1223,75729,450,5.5,2536,1009,261,1270,75754,440
52,5.5,2542,850,228,1078,75918,462,5.5,2530,815,249,1064,75928,478,5.5,2583,786,194,980,75971,466,5.5,2628,765,228,993,75903,476,5.5,2606,877,234,1111,75853,430,5.5,2580,754,220,974,75984,462,5.5,2517,754,200,954,76044,485,5.5,2513,811,223,1034,75990,463,5.5,2548,837,203,1040,75936,476,5.5,2590,774,201,975,75984,451,5.5,2524,832,221,1053,75981,442
53,5.5,2534,708,201,909,76094,463,5.5,2522,644,209,853,76147,478,5.5,2574,638,163,801,76158,467,5.5,2615,620,188,808,76100,477,5.5,2598,724,188,912,76059,431,5.5,2572,632,186,818,76146,464,5.5,2510,619,168,787,76218,485,5.5,2503,673,179,852,76182,463,5.5,2542,675,162,837,76145,476,5.5,2581,644,169,813,76155,451,5.5,2514,680,183,863,76178,445
54,5.5,2525,591,163,754,76256,465,5.5,2515,518,163,681,76326,478,5.5,2567,528,132,660,76306,467,5.5,2606,515,156,671,76245,478,5.5,2593,597,155,752,76224,431,5.5,2566,526,156,682,76288,464,5.5,2497,516,148,664,76354,485,5.5,2493,563,145,708,76336,463,5.5,2531,556,126,682,76310,477,5.5,2576,542,131,673,76299,452,5.5,2509,554,148,702,76344,445
55,5.5,2516,482,135,617,76400,467,5.5,2509,414,141,555,76458,478,5.5,2566,438,98,536,76430,468,5.5,2600,417,126,543,76378,479,5.5,2588,489,119,608,76372,432,5.5,2561,427,125,552,76423,464,5.5,2486,424,125,549,76478,487,5.5,2483,466,121,587,76467,463,5.5,2523,457,107,564,76435,478,5.5,2568,455,109,564,76416,452,5.5,2499,465,121,586,76470,445
56,5.5,2513,400,114,514,76506,467,5.5,2503,324,115,439,76579,479,5.5,2563,350,82,432,76536,469,5.5,2597,357,108,465,76459,479,5.5,2584,396,90,486,76497,433,5.5,2556,351,94,445,76533,466,5.5,2477,347,109,456,76580,487,5.5,2478,385,99,484,76575,463,5.5,2520,370,85,455,76547,478,5.5,2562,363,88,451,76535,452,5.5,2496,382,92,474,76584,446
57,5.5,2510,317,90,407,76616,467,5.5,2498,260,97,357,76666,479,5.5,2556,298,65,363,76612,469,5.5,2591,301,92,393,76537,479,5.5,2581,319,75,394,76592,433,5.5,2552,294,77,371,76611,466,5.5,2472,276,90,366,76675,487,5.5,2475,311,80,391,76670,464,5.5,2513,301,74,375,76634,478,5.5,2554,302,76,378,76616,452,5.5,2489,307,74,381,76682,448
58,5.5,2507,252,75,327,76698,468,5.5,2492,213,76,289,76740,479,5.5,2552,247,52,299,76680,469,5.5,2588,248,75,323,76610,479,5.5,2577,251,64,315,76675,433,5.5,2547,238,63,301,76686,466,5.5,2468,219,76,295,76750,487,5.5,2473,257,69,326,76736,465,5.5,2510,245,61,306,76706,478,5.5,2550,252,62,314,76683,453,5.5,2486,256,61,317,76749,448
59,5.5,2506,213,70,283,76743,468,5.5,2489,172,66,238,76794,479,5.5,2548,214,40,254,76728,470,5.5,2588,203,60,263,76669,480,5.5,2575,201,52,253,76739,433,5.5,2540,197,54,251,76743,466,5.5,2465,179,59,238,76809,488,5.5,2471,193,48,241,76823,465,5.5,2509,197,55,252,76761,478,5.5,2548,207,48,255,76744,453,5.5,2485,202,48,250,76817,448
60,5.5,2504,178,57,235,76793,468,5.5,2488,142,55,197,76836,479,5.5,2542,183,35,218,76770,470,5.5,2588,167,51,218,76714,480,5.5,2573,159,42,201,76793,433,5.5,2538,157,50,207,76789,466,5.5,2463,143,43,186,76863,488,5.5,2471,153,40,193,76871,465,5.5,2506,164,48,212,76804,478,5.5,2546,175,40,215,76786,453,5.5,2483,167,41,208,76861,448
61,5.5,2500,145,48,193,76839,468,5.5,2486,110,43,153,76882,479,5.5,2538,156,27,183,76809,470,5.5,2586,144,43,187,76747,480,5.5,2570,136,32,168,76828,434,5.5,2535,128,40,168,76831,466,5.5,2462,127,35,162,76888,488,5.5,2470,124,27,151,76913,466,5.5,2502,142,40,182,76838,478,5.5,2544,145,32,177,76825,454,5.5,2482,139,36,175,76895,448
62,5.5,2499,118,41,159,76874,468,5.5,2486,93,35,128,76907,479,5.5,2537,127,25,152,76841,470,5.5,2584,118,33,151,76785,480,5.5,2569,105,26,131,76866,434,5.5,2535,109,32,141,76858,466,5.5,2459,104,32,136,76917,488,5.5,2469,103,23,126,76939,466,5.5,2500,118,36,154,76868,478,5.5,2541,121,30,151,76854,454,5.5,2481,110,30,140,76931,448
63,5.5,2496,103,34,137,76899,468,5.5,2482,72,33,105,76934,479,5.5,2535,100,22,122,76873,470,5.5,2582,99,28,127,76811,480,5.5,2568,85,20,105,76893,434,5.5,2534,88,27,115,76885,466,5.5,2459,85,26,111,76941,489,5.5,2469,81,16,97,76968,466,5.5,2499,91,29,120,76902,479,5.5,2538,104,24,128,76880,454,5.5,2481,84,23,107,76964,448
64,5.5,2495,85,24,109,76928,468,5.5,2480,61,25,86,76955,479,5.5,2535,78,19,97,76898,470,5.5,2582,87,24,111,76827,480,5.5,2566,76,17,93,76907,434,5.5,2533,74,24,98,76903,466,5.5,2457,73,20,93,76961,489,5.5,2468,67,16,83,76983,466,5.5,2499,83,20,103,76918,480,5.5,2535,88,20,108,76903,454,5.5,2481,67,11,78,76993,448
65,5.5,2495,69,19,88,76949,468,5.5,2480,49,20,69,76972,479,5.5,2533,65,18,83,76914,470,5.5,2581,74,19,93,76846,480,5.5,2564,63,13,76,76926,434,5.5,2533,65,18,83,76918,466,5.5,2457,60,17,77,76977,489,5.5,2468,58,12,70,76996,466,5.5,2498,63,17,80,76942,480,5.5,2534,73,19,92,76920,454,5.5,2480,55,10,65,77007,448
66,5.5,2495,57,15,72,76965,468,5.5,2480,45,18,63,76978,479,5.5,2532,55,14,69,76929,470,5.5,2580,61,15,76,76864,480,5.5,2564,54,8,62,76940,434,5.5,2532,52,15,67,76935,466,5.5,2457,47,12,59,76995,489,5.5,2467,39,8,47,77020,466,5.5,2498,50,12,62,76960,480,5.5,2534,60,13,73,76939,454,5.5,2479,45,9,54,77019,448
67,5.5,2494,48,13,61,76977,468,5.5,2478,37,14,51,76992,479,5.5,2531,48,13,61,76938,470,5.5,2580,49,10,59,76881,480,5.5,2564,45,7,52,76950,434,5.5,2532,44,12,56,76946,466,5.5,2457,37,10,47,77007,489,5.5,2466,31,8,39,77029,466,5.5,2498,39,10,49,76973,480,5.5,2534,46,11,57,76955,454,5.5,2476,38,11,49,77027,448
68,5.5,2492,40,12,52,76988,468,5.5,2477,31,11,42,77002,479,5.5,2530,42,12,54,76946,470,5.5,2580,36,6,42,76898,480,5.5,2564,40,6,46,76956,434,5.5,2531,39,8,47,76956,466,5.5,2456,27,10,37,77018,489,5.5,2465,24,5,29,77040,466,5.5,2498,30,7,37,76984,481,5.5,2534,41,9,50,76962,454,5.5,2476,29,11,40,77036,448
69,5.5,2491,34,9,43,76998,468,5.5,2477,29,9,38,77006,479,5.5,2530,37,12,49,76951,470,5.5,2580,30,5,35,76905,480,5.5,2563,34,5,39,76964,434,5.5,2531,32,7,39,76964,466,5.5,2456,21,9,30,77025,489,5.5,2465,19,4,23,77046,466,5.5,2498,27,6,33,76988,481,5.5,2534,36,6,42,76970,454,5.5,2476,26,7,33,77043,448
70,5.5,2490,27,8,35,77007,468,5.5,2476,26,8,34,77011,479,5.5,2529,31,11,42,76959,470,5.5,2580,24,4,28,76912,480,5.5,2563,26,5,31,76972,434,5.5,2530,26,6,32,76972,466,5.5,2456,16,6,22,77033,489,5.5,2465,16,3,19,77050,466,5.5,2498,21,6,27,76994,481,5.5,2534,28,4,32,76980,454,5.5,2476,21,5,26,77050,448
71,5.5,2488,22,9,31,77013,468,5.5,2476,21,7,28,77017,479,5.5,2529,28,9,37,76964,470,5.5,2580,16,4,20,76920,480,5.5,2562,17,5,22,76982,434,5.5,2530,19,5,24,76979,467,5.5,2456,12,5,17,77038,489,5.5,2464,16,2,18,77052,466,5.5,2498,16,5,21,77000,481,5.5,2534,24,4,28,76984,454,5.5,2476,15,4,19,77057,448
72,5.5,2487,17,9,26,77019,468,5.5,2476,16,4,20,77025,479,5.5,2528,24,7,31,76971,470,5.5,2580,14,3,17,76923,480,5.5,2562,14,5,19,76985,434,5.5,2530,15,3,18,76985,467,5.5,2456,7,4,11,77044,489,5.5,2464,14,1,15,77055,466,5.5,2498,15,3,18,77003,481,5.5,2534,20,4,24,76988,454,5.5,2476,13,3,16,77060,448
73,5.5,2487,11,8,19,77026,468,5.5,2476,14,4,18,77027,479,5.5,2527,20,6,26,76977,470,5.5,2580,12,3,15,76925,480,5.5,2562,12,4,16,76988,434,5.5,2530,13,2,15,76988,467,5.5,2456,6,3,9,77046,489,5.5,2462,15,1,16,77056,466,5.5,2498,14,3,17,77004,481,5.5,2534,17,3,20,76992,454,5.5,2476,10,3,13,77063,448
74,5.5,2487,10,8,18,77027,468,5.5,2476,11,3,14,77031,479,5.5,2527,13,5,18,76985,470,5.5,2579,5,2,7,76934,480,5.5,2561,11,3,14,76991,434,5.5,2529,11,2,13,76991,467,5.5,2456,6,3,9,77046,489,5.5,2462,14,1,15,77057,466,5.5,2498,11,1,12,77009,481,5.5,2534,13,3,16,76996,454,5.5,2476,8,3,11,77065,448
75,5.5,2487,10,8,18,77027,468,5.5,2476,7,3,10,77035,479,5.5,2526,11,4,15,76989,470,5.5,2579,3,1,4,76937,480,5.5,2561,11,2,13,76992,434,5.5,2529,9,2,11,76993,467,5.5,2456,6,2,8,77047,489,5.5,2462,13,1,14,77058,466,5.5,2497,7,1,8,77014,481,5.5,2534,11,2,13,76999,454,5.5,2476,7,3,10,77066,448
76,5.5,2487,8,6,14,77031,468,5.5,2476,6,3,9,77036,479,5.5,2526,9,4,13,76991,470,5.5,2579,2,1,3,76938,480,5.5,2561,8,1,9,76996,434,5.5,2529,7,1,8,76996,467,5.5,2456,3,1,4,77051,489,5.5,2462,11,1,12,77060,466,5.5,2497,7,1,8,77014,481,5.5,2533,10,0,10,77003,454,5.5,2476,6,3,9,77067,448
77,5.5,2487,8,5,13,77032,468,5.5,2476,3,3,6,77039,479,5.5,2526,8,4,12,76992,470,5.5,2579,2,1,3,76938,480,5.5,2561,5,1,6,76999,434,5.5,2529,7,1,8,76996,467,5.5,2456,2,0,2,77053,489,5.5,2462,9,1,10,77062,466,5.5,2497,6,1,7,77015,481,5.5,2533,7,0,7,77006,454,5.5,2476,6,3,9,77067,448
78,5.5,2487,7,5,12,77033,468,5.5,2476,2,3,5,77040,479,5.5,2526,7,2,9,76995,470,5.5,2579,2,1,3,76938,480,5.5,2561,5,1,6,76999,434,5.5,2529,5,1,6,76998,467,5.5,2456,1,0,1,77054,489,5.5,2462,7,0,7,77065,466,5.5,2497,3,1,4,77018,481,5.5,2533,7,0,7,77006,454,5.5,2476,6,2,8,77068,448
79,5.5,2487,7,5,12,77033,468,5.5,2476,1,0,1,77044,479,5.5,2526,6,2,8,76996,470,5.5,2579,2,1,3,76938,480,5.5,2561,4,0,4,77001,434,5.5,2529,4,1,5,76999,467,5.5,2456,0,0,0,77055,489,5.5,2462,5,0,5,77067,466,5.5,2497,2,1,3,77019,481,5.5,2533,6,0,6,77007,454,5.5,2475,5,1,6,77071,448
80,5.5,2487,5,3,8,77037,468,5.5,2476,1,0,1,77044,479,5.5,2526,5,2,7,76997,470,5.5,2579,2,1,3,76938,480,5.5,2561,3,0,3,77002,434,5.5,2529,3,1,4,77000,467,5.5,2456,0,0,0,77055,489,5.5,2462,4,0,4,77068,466,5.5,2497,2,1,3,77019,481,5.5,2533,6,0,6,77007,454,5.5,2475,3,1,4,77073,448
81,5.5,2487,4,3,7,77038,468,5.5,2476,0,0,0,77045,479,5.5,2526,4,2,6,76998,470,5.5,2579,2,1,3,76938,480,5.5,2561,2,0,2,77003,434,5.5,2529,3,1,4,77000,467,5.5,2456,0,0,0,77055,489,5.5,2462,4,0,4,77068,466,5.5,2497,2,1,3,77019,481,5.5,2533,5,0,5,77008,454,5.5,2475,3,1,4,77073,448
82,5.5,2487,3,2,5,77040,468,5.5,2476,0,0,0,77045,479,5.5,2526,4,0,4,77000,470,5.5,2579,2,1,3,76938,480,5.5,2561,2,0,2,77003,434,5.5,2529,2,1,3,77001,467,5.5,2456,0,0,0,77055,489,5.5,2462,4,0,4,77068,466,5.5,2497,2,1,3,77019,481,5.5,2533,5,0,5,77008,454,5.5,2475,1,1,2,77075,448
83,5.5,2487,2,2,4,77041,468,5.5,2476,0,0,0,77045,479,5.5,2526,3,0,3,77001,470,5.5,2579,2,1,3,76938,480,5.5,2561,2,0,2,77003,434,5.5,2529,2,1,3,77001,467,5.5,2456,0,0,0,77055,489,5.5,2462,4,0,4,77068,466,5.5,2497,1,1,2,77020,481,5.5,2533,3,0,3,77010,454,5.5,2475,1,1,2,77075,448
84,5.5,2487,2,2,4,77041,468,5.5,2476,0,0,0,77045,479,5.5,2526,3,0,3,77001,470,5.5,2579,1,1,2,76939,480,5.5,2561,2,0,2,77003,434,5.5,2529,2,1,3,77001,467,5.5,2456,0,0,0,77055,489,5.5,2462,2,0,2,77070,466,5.5,2497,0,1,1,77021,481,5.5,2533,3,0,3,77010,454,5.5,2475,1,1,2,77075,448
85,5.5,2487,2,1,3,77042,468,5.5,2476,0,0,0,77045,479,5.5,2526,2,0,2,77002,470,5.5,2578,1,1,2,76940,480,5.5,2561,1,0,1,77004,434,5.5,2529,2,1,3,77001,467,5.5,2456,0,0,0,77055,489,5.5,2462,2,0,2,77070,466,5.5,2497,0,1,1,77021,481,5.5,2532,3,0,3,77011,454,5.5,2475,1,0,1,77076,448
86,5.5,2487,2,0,2,77043,468,5.5,2476,0,0,0,77045,479,5.5,2526,2,0,2,77002,470,5.5,2578,1,1,2,76940,480,5.5,2561,1,0,1,77004,434,5.5,2529,2,1,3,77001,467,5.5,2456,0,0,0,77055,489,5.5,2462,2,0,2,77070,466,5.5,2497,0,0,0,77022,481,5.5,2531,4,0,4,77011,454,5.5,2475,1,0,1,77076,448
87,5.5,2487,2,0,2,77043,468,5.5,2476,0,0,0,77045,479,5.5,2526,2,0,2,77002,470,5.5,2578,1,1,2,76940,480,5.5,2561,1,0,1,77004,434,5.5,2529,1,0,1,77003,467,5.5,2456,0,0,0,77055,489,5.5,2462,2,0,2,77070,466,5.5,2497,0,0,0,77022,481,5.5,2531,4,0,4,77011,454,5.5,2475,1,0,1,77076,448
88,5.5,2487,1,0,1,77044,468,5.5,2476,0,0,0,77045,479,5.5,2526,1,0,1,77003,470,5.5,2578,1,1,2,76940,480,5.5,2561,1,0,1,77004,434,5.5,2529,1,0,1,77003,467,5.5,2456,0,0,0,77055,489,5.5,2462,2,0,2,77070,466,5.5,2497,0,0,0,77022,481,5.5,2531,4,0,4,77011,454,5.5,2475,0,0,0,77077,448
89,5.5,2487,1,0,1,77044,468,5.5,2476,0,0,0,77045,479,5.5,2526,1,0,1,77003,470,5.5,2578,1,1,2,76940,480,5.5,2561,1,0,1,77004,434,5.5,2529,1,0,1,77003,467,5.5,2456,0,0,0,77055,489,5.5,2462,2,0,2,77070,466,5.5,2497,0,0,0,77022,481,5.5,2531,4,0,4,77011,454,5.5,2475,0,0,0,77077,448
90,5.5,2487,1,0,1,77044,468,5.5,2476,0,0,0,77045,479,5.5,2526,1,0,1,77003,470,5.5,2578,1,0,1,76941,480,5.5,2561,1,0,1,77004,434,5.5,2529,0,0,0,77004,467,5.5,2456,0,0,0,77055,489,5.5,2462,2,0,2,77070,466,5.5,2497,0,0,0,77022,481,5.5,2531,4,0,4,77011,454,5.5,2475,0,0,0,77077,448
91,5.5,2487,0,0,0,77045,468,5.5,2476,0,0,0,77045,479,5.5,2526,0,0,0,77004,470,5.5,2578,1,0,1,76941,480,5.5,2561,0,0,0,77005,434,5.5,2529,0,0,0,77004,467,5.5,2456,0,0,0,77055,489,5.5,2462,1,0,1,77071,466,5.5,2497,0,0,0,77022,481,5.5,2531,3,0,3,77012,454,5.5,2475,0,0,0,77077,448
92,5.5,2487,0,0,0,77045,468,5.5,2476,0,0,0,77045,479,5.5,2526,0,0,0,77004,470,5.5,2578,1,0,1,76941,480,5.5,2561,0,0,0,77005,434,5.5,2529,0,0,0,77004,467,5.5,2456,0,0,0,77055,489,5.5,2462,0,0,0,77072,466,5.5,2497,0,0,0,77022,481,5.5,2531,3,0,3,77012,454,5.5,2475,0,0,0,77077,448
93,5.5,2487,0,0,0,77045,468,5.5,2476,0,0,0,77045,479,5.5,2526,0,0,0,77004,470,5.5,2578,1,0,1,76941,480,5.5,2561,0,0,0,77005,434,5.5,2529,0,0,0,77004,467,5.5,2456,0,0,0,77055,489,5.5,2462,0,0,0,77072,466,5.5,2497,0,0,0,77022,481,5.5,2531,3,0,3,77012,454,5.5,2475,0,0,0,77077,448
94,5.5,2487,0,0,0,77045,468,5.5,2476,0,0,0,77045,479,5.5,2526,0,0,0,77004,470,5.5,2578,1,0,1,76941,480,5.5,2561,0,0,0,77005,434,5.5,2529,0,0,0,77004,467,5.5,2456,0,0,0,77055,489,5.5,2462,0,0,0,77072,466,5.5,2497,0,0,0,77022,481,5.5,2531,3,0,3,77012,454,5.5,2475,0,0,0,77077,448
95,5.5,2487,0,0,0,77045,468,5.5,2476,0,0,0,77045,479,5.5,2526,0,0,0,77004,470,5.5,2578,1,0,1,76941,480,5.5,2561,0,0,0,77005,434,5.5,2529,0,0,0,77004,467,5.5,2456,0,0,0,77055,489,5.5,2462,0,0,0,77072,466,5.5,2497,0,0,0,77022,481,5.5,2531,3,0,3,77012,454,5.5,2475,0,0,0,77077,448
96,5.5,2487,0,0,0,77045,468,5.5,2476,0,0,0,77045,479,5.5,2526,0,0,0,77004,470,5.5,2578,1,0,1,76941,480,5.5,2561,0,0,0,77005,434,5.5,2529,0,0,0,77004,467,5.5,2456,0,0,0,77055,489,5.5,2462,0,0,0,77072,466,5.5,2497,0,0,0,77022,481,5.5,2531,3,0,3,77012,454,5.5,2475,0,0,0,77077,448
97,5.5,2487,0,0,0,77045,468,5.5,2476,0,0,0,77045,479,5.5,2526,0,0,0,77004,470,5.5,2578,1,0,1,76941,480,5.5,2561,0,0,0,77005,434,5.5,2529,0,0,0,77004,467,5.5,2456,0,0,0,77055,489,5.5,2462,0,0,0,77072,466,5.5,2497,0,0,0,77022,481,5.5,2531,3,0,3,77012,454,5.5,2475,0,0,0,77077,448
98,5.5,2487,0,0,0,77045,468,5.5,2476,0,0,0,77045,479,5.5,2526,0,0,0,77004,470,5.5,2578,1,0,1,76941,480,5.5,2561,0,0,0,77005,434,5.5,2529,0,0,0,77004,467,5.5,2456,0,0,0,77055,489,5.5,2462,0,0,0,77072,466,5.5,2497,0,0,0,77022,481,5.5,2531,3,0,3,77012,454,5.5,2475,0,0,0,77077,448
99,5.5,2487,0,0,0,77045,468,5.5,2476,0,0,0,77045,479,5.5,2526,0,0,0,77004,470,5.5,2578,1,0,1,76941,480,5.5,2561,0,0,0,77005,434,5.5,2529,0,0,0,77004,467,5.5,2456,0,0,0,77055,489,5.5,2462,0,0,0,77072,466,5.5,2497,0,0,0,77022,481,5.5,2531,2,0,2,77013,454,5.5,2475,0,0,0,77077,448
